{
  "policies": {
    "DisableTelemetry": true,
    "DisableFirefoxStudies": true,
    "DisablePocket": true,
    "DisableFirefoxAccounts": false,
    "DisableFormHistory": false,
    "DontCheckDefaultBrowser": true,
    "OfferToSaveLogins": true,
    "EnableTrackingProtection": {
      "Value": true,
      "Locked": false,
      "Cryptomining": true,
      "Fingerprinting": true
    },
    "ExtensionSettings": {
      "uBlock0@raymondhill.net": {
        "installation_mode": "normal_installed",
        "install_url": "https://addons.mozilla.org/firefox/downloads/latest/ublock-origin/latest.xpi"
      }
    },
    "Homepage": {
      "URL": "about:home",
      "Locked": false,
      "StartPage": "homepage"
    },
    "SearchBar": "unified",
    "NoDefaultBookmarks": true,
    "OverrideFirstRunPage": "",
    "OverridePostUpdatePage": ""
  }
}
